,A_B_rmse,RMSE,A_B_mape,MAPE
BiLSTM,12.217439676769875,21.997515738842893,128.77954836997975,38.206962945685106
LSTM,12.002236312640495,21.88004166416676,42.45840019238879,25.935665397607444
GRU,10.080517541838109,21.164406496127572,19.042091759670107,21.198245994693202
CNN,6.867452814415913,20.53084466155604,15.41925184882901,20.771383018868494
RNN,11.564067885726342,21.28194099356599,18.76424585437586,19.949444044340446
