,A_B_rmse,RMSE,A_B_mape,MAPE
BiLSTM,13.285956565752372,15.864325120883251,222.02639506494796,118.04873145565966
LSTM,17.342021700318533,14.803266320519707,206.20571341175938,34.62444965353806
GRU,14.375031463310773,15.30061433234882,268.97255644645537,33.3957426888618
CNN,6.052643422121294,15.746551360522883,28.266788898732813,224.94416606479984
RNN,19.06042264771987,15.477638669346286,259.06032016065006,35.64508193633569
