,A_B_rmse,RMSE,A_B_mape,MAPE
BiLSTM,0.014270140789413199,0.01937326913629966,1.7841581243935365,11.062679793912157
LSTM,0.014094021694192679,0.02082563975463901,1.7189549570902307,2.6664537141470617
GRU,0.00717796080359082,0.010570968024063909,2.2242308843710354,2.190497537888137
CNN,0.01774511638485014,0.035808741690203615,3.6681207595839327,6.5538153622917035
RNN,0.01497279714953812,0.022438893965546193,1.6502536438054096,3.833497652895923
