,A_B_rmse,RMSE,A_B_mape,MAPE
BiLSTM,0.00558835655239484,0.01068436896308048,34.146578598694454,15.394233294614036
LSTM,0.00495930137207098,0.00984140123067337,5.82015711760945,15.264349259530045
GRU,0.005675555247584301,0.01013771848450266,6.835252254418185,15.164704250243034
CNN,0.014766943364280652,0.01773616603725769,472.2297888180916,100.01986535993541
RNN,0.00587748770649388,0.010579824130278071,8.233960262349346,14.525515355642224
