,A_B_rmse,RMSE,A_B_mape,MAPE
BiLSTM,2.1439246919979813,5.646221238205075,6.379305858987961,15.228597179928405
LSTM,2.8052421570600385,5.77111601517228,8.316411492049385,16.32120060653147
GRU,2.7828090022360827,5.742161006943265,7.974928135043163,16.121379123759827
CNN,1.1626993497108424,5.744081719307866,4.744729748275271,20.744639200831468
RNN,2.6275829627866667,5.744346640636481,8.260032024042493,15.294158035962912
