,A_B_rmse,RMSE,A_B_mape,MAPE
BiLSTM,0.4530427195939063,0.8394675329026755,13.32046373995399,22.979683853586675
LSTM,0.46776546899807625,0.8415040285934167,13.685154849716449,23.13070115406628
GRU,0.4778602161246045,0.8393667052243388,14.058814779633062,23.131624403411884
CNN,0.4520758924082515,0.8409463062470482,13.39122426126372,23.177811194737554
RNN,0.5387545400339262,0.8591186615007261,15.164664500149735,23.84434881592914
