,A_B_rmse,RMSE,A_B_mape,MAPE
BiLSTM,0.2779769783305847,1.1620799074423034,0.9989658471727587,3.9328883831882577
LSTM,0.32480015839220455,1.167479659768365,1.1327582023662457,3.956034963595468
GRU,0.3034820847119267,1.161696932618654,1.0797953181879323,3.9542954236006613
CNN,0.26304997870373226,1.1755377693269138,0.9399144873519131,3.9676301909005653
RNN,0.3273825170299056,1.1875368728690132,1.1872047431800279,4.110279894640014
