,A_B_rmse,RMSE,A_B_mape,MAPE
BiLSTM,0.3219637958241569,1.0714033924598239,3.6218741114632587,10.365269787360308
LSTM,0.2559684736592952,1.0642060199036816,2.910554123486576,10.22099215021467
GRU,0.25698533303555887,1.061116670680211,3.010164514188781,10.222610137494984
CNN,0.20626680728847946,1.0777826310877632,2.670410218923556,10.294816727092106
RNN,0.25787867643399165,1.0661772937031753,2.927737179409247,10.191544547953919
