,A_B_rmse,RMSE,A_B_mape,MAPE
BiLSTM,12.223671481505903,21.774813376243078,43.1501857567784,447.4376792095648
LSTM,15.412030015295548,21.671801262137777,22.846989039450484,19.737914273997823
GRU,15.858840469847076,21.36368858034288,32.507799069256656,21.725672820877072
CNN,6.848266684039965,22.53663232732912,12.283833505010138,48.80181820128958
RNN,11.248390088560175,21.5685563637982,21.23220227789889,30.559972784570608
