,A_B_rmse,RMSE,A_B_mape,MAPE
BiLSTM,1300.1908177260152,1273.0140511804382,12.813927305942887,12.510588438046982
LSTM,1533.5755868110568,1461.5858638284012,14.724022759071477,14.463172276158318
GRU,1432.4430013961796,1375.1486965771842,13.873047571746321,13.37234076695897
CNN,1814.260844664559,1743.277192343384,17.382811337891333,16.745787788454315
RNN,1419.8262411116002,1302.1571053890086,13.809940781334998,12.916414899255031
