,A_B_rmse,RMSE,A_B_mape,MAPE
BiLSTM,10.6399031239018,19.72680163271012,18.09869654599808,27.96715765592807
LSTM,12.13155796643777,20.503574630663316,14.212233397256554,29.380925625593513
GRU,11.388659084006367,19.994580482180154,14.010888317852935,27.396241081061596
CNN,6.111126972387735,18.87504195632143,17.03394274510476,38.81966869960339
RNN,11.114245609176516,20.592871391022175,15.21129249134421,28.154241906043428
