,count,mean,std,min,25%,50%,75%,max
Healthy_control_heart_data,10000.0,-1.5866407,0.3060813839240611,-1.893,-1.753,-1.653,-1.544,0.51
POWER_Point_Daily_Temperature_Data,14700.0,25.694625170068026,7.812260128531982,7.26,18.85,27.05,31.97,41.23
POWER_Point_Daily_Presure_Data,14700.0,9.029718367347007,5.952170738214869,0.61,4.21,6.71,13.92,23.44
PM2,43057.0,26.20050177671438,17.018059885993857,0.01,14.51,20.75,32.31,86.69
Daily_Sunspot_data,74906.0,78.64372680426133,77.20448032392278,-1.0,15.0,58.0,123.0,528.0
Metro_Interstate_Traffic_Volume_PD,48204.0,3259.8183553232097,1986.8606704463589,0.0,1193.0,3380.0,4933.0,7280.0
Tetuan_City_Power_Consumption_Zone1_processed,52416.0,32344.970563585928,7130.562564198587,13895.6962,26310.6686925,32265.92034,37309.018185,52204.39512
Myocardial_infarction_heart_data,10000.0,-0.209321,0.12781311974268464,-0.684,-0.294,-0.193,-0.123,0.105
