,LSTM,LSTM,LSTM,LSTM,LSTM,LSTM,CNN,CNN,CNN,CNN,CNN,CNN,BiLSTM,BiLSTM,BiLSTM,BiLSTM,BiLSTM,BiLSTM,GRU,GRU,GRU,GRU,GRU,GRU,RNN,RNN,RNN,RNN,RNN,RNN
,RMSE,RMSE,RMSE,MAPE,MAPE,MAPE,RMSE,RMSE,RMSE,MAPE,MAPE,MAPE,RMSE,RMSE,RMSE,MAPE,MAPE,MAPE,RMSE,RMSE,RMSE,MAPE,MAPE,MAPE,RMSE,RMSE,RMSE,MAPE,MAPE,MAPE
,mean,best,improve,mean,best,improve,mean,best,improve,mean,best,improve,mean,best,improve,mean,best,improve,mean,best,improve,mean,best,improve,mean,best,improve,mean,best,improve
0,0.011609419977660669,0.007518753802725168,35.23574978600939,15.19267712094705,10.973518729978277,4.219158390968772,0.011386277456837148,0.007026622513840338,38.28867651893514,15.40252480671612,8.643059031077005,6.759465775639114,0.012750148995385568,0.005408936646535501,57.5774632242097,23.84813897055204,6.190127182432622,17.658011788119417,0.009994867359477681,0.027889233386312478,-179.03555278166226,12.705567360776227,7.270156009564996,5.435411351211231,0.013506248853774239,0.01728838162856699,11.928060116976951,166.13768723979834,17.390690217522856,158.86753123023334
