,LSTM,LSTM,LSTM,LSTM,LSTM,LSTM,CNN,CNN,CNN,CNN,CNN,CNN,BiLSTM,BiLSTM,BiLSTM,BiLSTM,BiLSTM,BiLSTM,GRU,GRU,GRU,GRU,GRU,GRU,RNN,RNN,RNN,RNN,RNN,RNN
,RMSE,RMSE,RMSE,MAPE,MAPE,MAPE,RMSE,RMSE,RMSE,MAPE,MAPE,MAPE,RMSE,RMSE,RMSE,MAPE,MAPE,MAPE,RMSE,RMSE,RMSE,MAPE,MAPE,MAPE,RMSE,RMSE,RMSE,MAPE,MAPE,MAPE
,mean,best,improve,mean,best,improve,mean,best,improve,mean,best,improve,mean,best,improve,mean,best,improve,mean,best,improve,mean,best,improve,mean,best,improve,mean,best,improve
0,1.1569447248481595,0.7997220089602592,30.876385726620008,3.934513311685807,2.459752582530028,1.4747607291557787,1.1686198020753868,0.7807409645448941,33.19119159555975,3.9506042707261395,2.282163598283483,1.6684406724426566,1.159976971257073,0.7973445349603315,31.26203754750018,3.9177479691338357,2.4053857062064097,1.512362262927426,1.1638347390397727,0.8251541153812861,29.10040509169855,3.967126369508452,2.380565945857847,1.5865604236506052,1.409797525801015,0.8439054631384811,42.54610226403804,4.744085183348202,2.4708470409853964,2.3635192374903546
